Workbook

Sheet Instrucciones
B2: PC4 · Plantilla de Carta de Control X̄-R
B3: Control Estadístico de Procesos — Hidalgo del Rio, Brenda
B5: 1. Datos
B6: Ve a la hoja 'Datos'. Ingresa el tamaño de subgrupo (n) y el número de subgrupos (k) en las celdas amarillas. Luego llena la tabla con tus mediciones: una fila por subgrupo, una columna por observación dentro del subgrupo.
B8: 2. Cálculos
B9: La hoja 'Cálculos' obtiene automáticamente la media y el rango de cada subgrupo, la media general (X̿), el rango promedio (R̄) y los límites de control (LSC/LIC) para ambas cartas, usando las constantes A2, D3 y D4 según tu n.
B11: 3. Constantes
B12: La hoja 'Constantes' contiene la tabla estándar de factores A2, D3 y D4 para n = 2 a 10 (Montgomery, Introduction to Statistical Quality Control). No la modifiques salvo que tu docente indique otra fuente.
B14: 4. Carta X-R
B15: La hoja 'Carta X-R' grafica automáticamente ambas cartas (medias y rangos) con sus líneas central y de control, a partir de los resultados de 'Cálculos'.
B17: Notas
B18: • Los valores en AZUL son de entrada (edítalos). Los valores en NEGRO son fórmulas (no los edites directamente). • Si tu n es mayor a 10, esta plantilla de X̄-R ya no aplica: corresponde usar una carta X̄-S (ver sección 02 del informe, tabla de referencia). • Las filas de subgrupo no utilizadas pueden dejarse en blanco; las fórmulas las ignoran automáticamente.

Sheet Datos
A1: Tabla de datos - subgrupos
A3: Tamano de subgrupo (n): | C3: 5
A4: Numero de subgrupos (k): | C4: 5
A5: Nota: deja en blanco las columnas Xn que superen tu n, y las filas de subgrupo que superen tu k.
A6: Datos de ejemplo (guia oficial PC4, seccion 2) - reemplaza por los datos de tu propio problema.
A7: Subgrupo | B7: X1 | C7: X2 | D7: X3 | E7: X4 | F7: X5 | G7: X6 | H7: X7 | I7: X8 | J7: X9 | K7: X10
A8: =IF(1<=$C$4,1,"") -> 1 | B8: 54.8 | C8: 54.9 | D8: 55 | E8: 54.7 | F8: 54.9
A9: =IF(2<=$C$4,2,"") -> 2 | B9: 55.1 | C9: 55 | D9: 54.9 | E9: 55.2 | F9: 55.1
A10: =IF(3<=$C$4,3,"") -> 3 | B10: 55.2 | C10: 55.3 | D10: 55.1 | E10: 55.2 | F10: 55.4
A11: =IF(4<=$C$4,4,"") -> 4 | B11: 55.5 | C11: 55.4 | D11: 55.6 | E11: 55.5 | F11: 55.4
A12: =IF(5<=$C$4,5,"") -> 5 | B12: 55.8 | C12: 55.7 | D12: 55.6 | E12: 55.8 | F12: 55.7
A13: =IF(6<=$C$4,6,"")
A14: =IF(7<=$C$4,7,"")
A15: =IF(8<=$C$4,8,"")
A16: =IF(9<=$C$4,9,"")
A17: =IF(10<=$C$4,10,"")
A18: =IF(11<=$C$4,11,"")
A19: =IF(12<=$C$4,12,"")
A20: =IF(13<=$C$4,13,"")
A21: =IF(14<=$C$4,14,"")
A22: =IF(15<=$C$4,15,"")
A23: =IF(16<=$C$4,16,"")
A24: =IF(17<=$C$4,17,"")
A25: =IF(18<=$C$4,18,"")
A26: =IF(19<=$C$4,19,"")
A27: =IF(20<=$C$4,20,"")
A28: =IF(21<=$C$4,21,"")
A29: =IF(22<=$C$4,22,"")
A30: =IF(23<=$C$4,23,"")
A31: =IF(24<=$C$4,24,"")
A32: =IF(25<=$C$4,25,"")

Sheet Constantes
A1: Constantes para carta X-bar - R
A2: Fuente: Montgomery, Introduction to Statistical Quality Control
A4: n | B4: A2 | C4: D3 | D4: D4
A5: 2 | B5: 1.88 | C5: 0 | D5: 3.267
A6: 3 | B6: 1.023 | C6: 0 | D6: 2.574
A7: 4 | B7: 0.729 | C7: 0 | D7: 2.282
A8: 5 | B8: 0.577 | C8: 0 | D8: 2.114
A9: 6 | B9: 0.483 | C9: 0 | D9: 2.004
A10: 7 | B10: 0.419 | C10: 0.076 | D10: 1.924
A11: 8 | B11: 0.373 | C11: 0.136 | D11: 1.864
A12: 9 | B12: 0.337 | C12: 0.184 | D12: 1.816
A13: 10 | B13: 0.308 | C13: 0.223 | D13: 1.777

Sheet Calculos
A1: Calculos - Carta X-bar - R
A3: Subgrupo | B3: Media (X̄i) | C3: Rango (Ri) | D3: LC X̄ | E3: LSC X̄ | F3: LIC X̄ | G3: LC R | H3: LSC R | I3: LIC R | J3: Estado
A4: =Datos!A8 -> 1 | B4: =IF($A4="","",AVERAGE(Datos!B8:K8)) -> 54.86 | C4: =IF($A4="","",MAX(Datos!B8:K8)-MIN(Datos!B8:K8)) -> 0.3 | D4: =IF($A4="","",$C$37) -> 55.272 | E4: =IF($A4="","",$C$39) -> 55.42202 | F4: =IF($A4="","",$C$40) -> 55.12198 | G4: =IF($A4="","",$C$38) -> 0.26 | H4: =IF($A4="","",$C$41) -> 0.54964 | I4: =IF($A4="","",$C$42) -> 0 | J4: =IF($A4="","",IF(OR(B4>$C$39,B4<$C$40,C4>$C$41,C4<$C$42),"Fuera de control","En control")) -> Fuera de control
A5: =Datos!A9 -> 2 | B5: =IF($A5="","",AVERAGE(Datos!B9:K9)) -> 55.06 | C5: =IF($A5="","",MAX(Datos!B9:K9)-MIN(Datos!B9:K9)) -> 0.3 | D5: =IF($A5="","",$C$37) -> 55.272 | E5: =IF($A5="","",$C$39) -> 55.42202 | F5: =IF($A5="","",$C$40) -> 55.12198 | G5: =IF($A5="","",$C$38) -> 0.26 | H5: =IF($A5="","",$C$41) -> 0.54964 | I5: =IF($A5="","",$C$42) -> 0 | J5: =IF($A5="","",IF(OR(B5>$C$39,B5<$C$40,C5>$C$41,C5<$C$42),"Fuera de control","En control")) -> Fuera de control
A6: =Datos!A10 -> 3 | B6: =IF($A6="","",AVERAGE(Datos!B10:K10)) -> 55.24 | C6: =IF($A6="","",MAX(Datos!B10:K10)-MIN(Datos!B10:K10)) -> 0.3 | D6: =IF($A6="","",$C$37) -> 55.272 | E6: =IF($A6="","",$C$39) -> 55.42202 | F6: =IF($A6="","",$C$40) -> 55.12198 | G6: =IF($A6="","",$C$38) -> 0.26 | H6: =IF($A6="","",$C$41) -> 0.54964 | I6: =IF($A6="","",$C$42) -> 0 | J6: =IF($A6="","",IF(OR(B6>$C$39,B6<$C$40,C6>$C$41,C6<$C$42),"Fuera de control","En control")) -> En control
A7: =Datos!A11 -> 4 | B7: =IF($A7="","",AVERAGE(Datos!B11:K11)) -> 55.48 | C7: =IF($A7="","",MAX(Datos!B11:K11)-MIN(Datos!B11:K11)) -> 0.2 | D7: =IF($A7="","",$C$37) -> 55.272 | E7: =IF($A7="","",$C$39) -> 55.42202 | F7: =IF($A7="","",$C$40) -> 55.12198 | G7: =IF($A7="","",$C$38) -> 0.26 | H7: =IF($A7="","",$C$41) -> 0.54964 | I7: =IF($A7="","",$C$42) -> 0 | J7: =IF($A7="","",IF(OR(B7>$C$39,B7<$C$40,C7>$C$41,C7<$C$42),"Fuera de control","En control")) -> Fuera de control
A8: =Datos!A12 -> 5 | B8: =IF($A8="","",AVERAGE(Datos!B12:K12)) -> 55.72 | C8: =IF($A8="","",MAX(Datos!B12:K12)-MIN(Datos!B12:K12)) -> 0.2 | D8: =IF($A8="","",$C$37) -> 55.272 | E8: =IF($A8="","",$C$39) -> 55.42202 | F8: =IF($A8="","",$C$40) -> 55.12198 | G8: =IF($A8="","",$C$38) -> 0.26 | H8: =IF($A8="","",$C$41) -> 0.54964 | I8: =IF($A8="","",$C$42) -> 0 | J8: =IF($A8="","",IF(OR(B8>$C$39,B8<$C$40,C8>$C$41,C8<$C$42),"Fuera de control","En control")) -> Fuera de control
A9: =Datos!A13 | B9: =IF($A9="","",AVERAGE(Datos!B13:K13)) | C9: =IF($A9="","",MAX(Datos!B13:K13)-MIN(Datos!B13:K13)) | D9: =IF($A9="","",$C$37) | E9: =IF($A9="","",$C$39) | F9: =IF($A9="","",$C$40) | G9: =IF($A9="","",$C$38) | H9: =IF($A9="","",$C$41) | I9: =IF($A9="","",$C$42) | J9: =IF($A9="","",IF(OR(B9>$C$39,B9<$C$40,C9>$C$41,C9<$C$42),"Fuera de control","En control"))
A10: =Datos!A14 | B10: =IF($A10="","",AVERAGE(Datos!B14:K14)) | C10: =IF($A10="","",MAX(Datos!B14:K14)-MIN(Datos!B14:K14)) | D10: =IF($A10="","",$C$37) | E10: =IF($A10="","",$C$39) | F10: =IF($A10="","",$C$40) | G10: =IF($A10="","",$C$38) | H10: =IF($A10="","",$C$41) | I10: =IF($A10="","",$C$42) | J10: =IF($A10="","",IF(OR(B10>$C$39,B10<$C$40,C10>$C$41,C10<$C$42),"Fuera de control","En control"))
A11: =Datos!A15 | B11: =IF($A11="","",AVERAGE(Datos!B15:K15)) | C11: =IF($A11="","",MAX(Datos!B15:K15)-MIN(Datos!B15:K15)) | D11: =IF($A11="","",$C$37) | E11: =IF($A11="","",$C$39) | F11: =IF($A11="","",$C$40) | G11: =IF($A11="","",$C$38) | H11: =IF($A11="","",$C$41) | I11: =IF($A11="","",$C$42) | J11: =IF($A11="","",IF(OR(B11>$C$39,B11<$C$40,C11>$C$41,C11<$C$42),"Fuera de control","En control"))
A12: =Datos!A16 | B12: =IF($A12="","",AVERAGE(Datos!B16:K16)) | C12: =IF($A12="","",MAX(Datos!B16:K16)-MIN(Datos!B16:K16)) | D12: =IF($A12="","",$C$37) | E12: =IF($A12="","",$C$39) | F12: =IF($A12="","",$C$40) | G12: =IF($A12="","",$C$38) | H12: =IF($A12="","",$C$41) | I12: =IF($A12="","",$C$42) | J12: =IF($A12="","",IF(OR(B12>$C$39,B12<$C$40,C12>$C$41,C12<$C$42),"Fuera de control","En control"))
A13: =Datos!A17 | B13: =IF($A13="","",AVERAGE(Datos!B17:K17)) | C13: =IF($A13="","",MAX(Datos!B17:K17)-MIN(Datos!B17:K17)) | D13: =IF($A13="","",$C$37) | E13: =IF($A13="","",$C$39) | F13: =IF($A13="","",$C$40) | G13: =IF($A13="","",$C$38) | H13: =IF($A13="","",$C$41) | I13: =IF($A13="","",$C$42) | J13: =IF($A13="","",IF(OR(B13>$C$39,B13<$C$40,C13>$C$41,C13<$C$42),"Fuera de control","En control"))
A14: =Datos!A18 | B14: =IF($A14="","",AVERAGE(Datos!B18:K18)) | C14: =IF($A14="","",MAX(Datos!B18:K18)-MIN(Datos!B18:K18)) | D14: =IF($A14="","",$C$37) | E14: =IF($A14="","",$C$39) | F14: =IF($A14="","",$C$40) | G14: =IF($A14="","",$C$38) | H14: =IF($A14="","",$C$41) | I14: =IF($A14="","",$C$42) | J14: =IF($A14="","",IF(OR(B14>$C$39,B14<$C$40,C14>$C$41,C14<$C$42),"Fuera de control","En control"))
A15: =Datos!A19 | B15: =IF($A15="","",AVERAGE(Datos!B19:K19)) | C15: =IF($A15="","",MAX(Datos!B19:K19)-MIN(Datos!B19:K19)) | D15: =IF($A15="","",$C$37) | E15: =IF($A15="","",$C$39) | F15: =IF($A15="","",$C$40) | G15: =IF($A15="","",$C$38) | H15: =IF($A15="","",$C$41) | I15: =IF($A15="","",$C$42) | J15: =IF($A15="","",IF(OR(B15>$C$39,B15<$C$40,C15>$C$41,C15<$C$42),"Fuera de control","En control"))
... A28: =Datos!A32 | B28: =IF($A28="","",AVERAGE(Datos!B32:K32)) | C28: =IF($A28="","",MAX(Datos!B32:K32)-MIN(Datos!B32:K32)) | D28: =IF($A28="","",$C$37) | E28: =IF($A28="","",$C$39) | F28: =IF($A28="","",$C$40) | G28: =IF($A28="","",$C$38) | H28: =IF($A28="","",$C$41) | I28: =IF($A28="","",$C$42) | J28: =IF($A28="","",IF(OR(B28>$C$39,B28<$C$40,C28>$C$41,C28<$C$42),"Fuera de control","En control"))
A31: Resultados generales
A32: Tamano de subgrupo (n) | C32: =Datos!C3 -> 5
A33: Numero de subgrupos (k) | C33: =Datos!C4 -> 5
A34: Constante A2 | C34: =INDEX(Constantes!$B$5:$B$13,MATCH($C$32,Constantes!$A$5:$A$13,0)) -> 0.577
A35: Constante D3 | C35: =INDEX(Constantes!$C$5:$C$13,MATCH($C$32,Constantes!$A$5:$A$13,0)) -> 0
A36: Constante D4 | C36: =INDEX(Constantes!$D$5:$D$13,MATCH($C$32,Constantes!$A$5:$A$13,0)) -> 2.114
A37: Media general (X̿̄) | C37: =AVERAGE(B4:B28) -> 55.272
A38: Rango promedio (R̄) | C38: =AVERAGE(C4:C28) -> 0.26
A39: LSC X̄ = X̿̄ + A2·R̄ | C39: =$C$37+$C$34*$C$38 -> 55.42202
A40: LIC X̄ = X̿̄ - A2·R̄ | C40: =$C$37-$C$34*$C$38 -> 55.12198
A41: LSC R = D4·R̄ | C41: =$C$36*$C$38 -> 0.54964
A42: LIC R = D3·R̄ | C42: =$C$35*$C$38 -> 0

Sheet Carta X-R
A1: Carta de control X-bar - R
A2: Generada automaticamente a partir de la hoja Calculos. Actualiza tus datos en 'Datos' y el grafico se redibuja solo.
